Plugin ID,CVE,CVSS v2.0 Base Score,Risk,Host,Protocol,Port,Name,Synopsis,See Also,CVSS v3.0 Base Score
33850,,10,Critical,10.10.200.2,tcp,0,Unix Operating System Unsupported Version Detection,"The operating system running on the remote host is no longer
supported.",,10
10114,CVE-1999-0524,2.1,Medium,10.10.200.1,icmp,0,ICMP Timestamp Request Remote Date Disclosure,It is possible to determine the exact time set on the remote host.,,
10114,CVE-1999-0524,2.1,Medium,10.10.200.2,icmp,0,ICMP Timestamp Request Remote Date Disclosure,It is possible to determine the exact time set on the remote host.,,
10287,,,None,10.10.200.1,udp,0,Traceroute Information,It was possible to obtain traceroute information.,,
11936,,,None,10.10.200.1,tcp,0,OS Identification,It is possible to guess the remote operating system.,,
19506,,,None,10.10.200.1,tcp,0,Nessus Scan Information,This plugin displays information about the Nessus scan.,,
25220,,,None,10.10.200.1,tcp,0,TCP/IP Timestamps Supported,The remote service implements TCP timestamps.,http://www.ietf.org/rfc/rfc1323.txt,
45590,,,None,10.10.200.1,tcp,0,Common Platform Enumeration (CPE),"It was possible to enumerate CPE names that matched on the remote
system.","http://cpe.mitre.org/
https://nvd.nist.gov/products/cpe",
54615,,,None,10.10.200.1,tcp,0,Device Type,It is possible to guess the remote device type.,,
110723,,,None,10.10.200.1,tcp,0,Target Credential Status by Authentication Protocol - No Credentials Provided,"Nessus was able to find common ports used for local checks,
however, no credentials were provided in the scan policy.",,
117886,,,None,10.10.200.1,tcp,0,OS Security Patch Assessment Not Available,OS Security Patch Assessment is not available.,,
10287,,,None,10.10.200.2,udp,0,Traceroute Information,It was possible to obtain traceroute information.,,
11936,,,None,10.10.200.2,tcp,0,OS Identification,It is possible to guess the remote operating system.,,
18261,,,None,10.10.200.2,tcp,0,Apache Banner Linux Distribution Disclosure,"The name of the Linux distribution running on the remote host was
found in the banner of the web server.",,
19506,,,None,10.10.200.2,tcp,0,Nessus Scan Information,This plugin displays information about the Nessus scan.,,
25220,,,None,10.10.200.2,tcp,0,TCP/IP Timestamps Supported,The remote service implements TCP timestamps.,http://www.ietf.org/rfc/rfc1323.txt,
45590,,,None,10.10.200.2,tcp,0,Common Platform Enumeration (CPE),"It was possible to enumerate CPE names that matched on the remote
system.","http://cpe.mitre.org/
https://nvd.nist.gov/products/cpe",
54615,,,None,10.10.200.2,tcp,0,Device Type,It is possible to guess the remote device type.,,
66334,,,None,10.10.200.2,tcp,0,Patch Report,The remote host is missing several patches.,,
110723,,,None,10.10.200.2,tcp,0,Target Credential Status by Authentication Protocol - No Credentials Provided,"Nessus was able to find common ports used for local checks,
however, no credentials were provided in the scan policy.",,
117886,,,None,10.10.200.2,tcp,0,OS Security Patch Assessment Not Available,OS Security Patch Assessment is not available.,,
10287,,,None,10.10.200.3,udp,0,Traceroute Information,It was possible to obtain traceroute information.,,
11936,,,None,10.10.200.3,tcp,0,OS Identification,It is possible to guess the remote operating system.,,
19506,,,None,10.10.200.3,tcp,0,Nessus Scan Information,This plugin displays information about the Nessus scan.,,
25220,,,None,10.10.200.3,tcp,0,TCP/IP Timestamps Supported,The remote service implements TCP timestamps.,http://www.ietf.org/rfc/rfc1323.txt,
45590,,,None,10.10.200.3,tcp,0,Common Platform Enumeration (CPE),"It was possible to enumerate CPE names that matched on the remote
system.","http://cpe.mitre.org/
https://nvd.nist.gov/products/cpe",
54615,,,None,10.10.200.3,tcp,0,Device Type,It is possible to guess the remote device type.,,
110723,,,None,10.10.200.3,tcp,0,Target Credential Status by Authentication Protocol - No Credentials Provided,"Nessus was able to find common ports used for local checks,
however, no credentials were provided in the scan policy.",,
117886,,,None,10.10.200.3,tcp,0,OS Security Patch Assessment Not Available,OS Security Patch Assessment is not available.,,
10092,,,None,10.10.200.2,tcp,21,FTP Server Detection,An FTP server is listening on a remote port.,,
11219,,,None,10.10.200.2,tcp,21,Nessus SYN scanner,It is possible to determine which TCP ports are open.,,
22964,,,None,10.10.200.2,tcp,21,Service Detection,The remote service could be identified.,,
52703,,,None,10.10.200.2,tcp,21,vsftpd Detection,An FTP server is listening on the remote port.,http://vsftpd.beasts.org/,
32314,CVE-2008-0166,10,Critical,10.10.200.2,tcp,22,Debian OpenSSH/OpenSSL Package Random Number Generator Weakness,The remote SSH host keys are weak.,"http://www.nessus.org/u?107f9bdc
http://www.nessus.org/u?f14f4224",
90317,,4.3,Medium,10.10.200.2,tcp,22,SSH Weak Algorithms Supported,"The remote SSH server is configured to allow weak encryption
algorithms or no algorithm at all.",https://tools.ietf.org/html/rfc4253#section-6.3,
70658,CVE-2008-5161,2.6,Low,10.10.200.1,tcp,22,SSH Server CBC Mode Ciphers Enabled,The SSH server is configured to use Cipher Block Chaining.,,3.7
153953,,2.6,Low,10.10.200.1,tcp,22,SSH Weak Key Exchange Algorithms Enabled,The remote SSH server is configured to allow weak key exchange algorithms.,https://datatracker.ietf.org/doc/html/rfc9142,3.7
70658,CVE-2008-5161,2.6,Low,10.10.200.2,tcp,22,SSH Server CBC Mode Ciphers Enabled,The SSH server is configured to use Cipher Block Chaining.,,3.7
71049,,2.6,Low,10.10.200.2,tcp,22,SSH Weak MAC Algorithms Enabled,"The remote SSH server is configured to allow MD5 and 96-bit MAC
algorithms.",,
153953,,2.6,Low,10.10.200.2,tcp,22,SSH Weak Key Exchange Algorithms Enabled,The remote SSH server is configured to allow weak key exchange algorithms.,https://datatracker.ietf.org/doc/html/rfc9142,3.7
10267,,,None,10.10.200.1,tcp,22,SSH Server Type and Version Information,An SSH server is listening on this port.,,
11219,,,None,10.10.200.1,tcp,22,Nessus SYN scanner,It is possible to determine which TCP ports are open.,,
22964,,,None,10.10.200.1,tcp,22,Service Detection,The remote service could be identified.,,
70657,,,None,10.10.200.1,tcp,22,SSH Algorithms and Languages Supported,An SSH server is listening on this port.,,
149334,,,None,10.10.200.1,tcp,22,SSH Password Authentication Accepted,The SSH server on the remote host accepts password authentication.,https://tools.ietf.org/html/rfc4252#section-8,
153588,,,None,10.10.200.1,tcp,22,SSH SHA-1 HMAC Algorithms Enabled,The remote SSH server is configured to enable SHA-1 HMAC algorithms.,,
10267,,,None,10.10.200.2,tcp,22,SSH Server Type and Version Information,An SSH server is listening on this port.,,
10881,,,None,10.10.200.2,tcp,22,SSH Protocol Versions Supported,A SSH server is running on the remote host.,,
11219,,,None,10.10.200.2,tcp,22,Nessus SYN scanner,It is possible to determine which TCP ports are open.,,
22964,,,None,10.10.200.2,tcp,22,Service Detection,The remote service could be identified.,,
39520,,,None,10.10.200.2,tcp,22,Backported Security Patch Detection (SSH),Security patches are backported.,https://access.redhat.com/security/updates/backporting/?sc_cid=3093,
70657,,,None,10.10.200.2,tcp,22,SSH Algorithms and Languages Supported,An SSH server is listening on this port.,,
149334,,,None,10.10.200.2,tcp,22,SSH Password Authentication Accepted,The SSH server on the remote host accepts password authentication.,https://tools.ietf.org/html/rfc4252#section-8,
153588,,,None,10.10.200.2,tcp,22,SSH SHA-1 HMAC Algorithms Enabled,The remote SSH server is configured to enable SHA-1 HMAC algorithms.,,
181418,,,None,10.10.200.2,tcp,22,OpenSSH Detection,An OpenSSH-based SSH server was detected on the remote host.,https://www.openssh.com/,
42263,,5.8,Medium,10.10.200.2,tcp,23,Unencrypted Telnet Server,The remote Telnet server transmits traffic in cleartext.,,6.5
10281,,,None,10.10.200.2,tcp,23,Telnet Server Detection,A Telnet server is listening on the remote port.,,
11219,,,None,10.10.200.2,tcp,23,Nessus SYN scanner,It is possible to determine which TCP ports are open.,,
22964,,,None,10.10.200.2,tcp,23,Service Detection,The remote service could be identified.,,
20007,,10,Critical,10.10.200.2,tcp,25,SSL Version 2 and 3 Protocol Detection,"The remote service encrypts traffic using a protocol with known
weaknesses.","https://www.schneier.com/academic/paperfiles/paper-ssl.pdf
http://www.nessus.org/u?b06c7e95
http://www.nessus.org/u?247c4540
https://www.openssl.org/~bodo/ssl-poodle.pdf
http://www.nessus.org/u?5d15ba70
https://www.imperialviolet.org/2014/10/14/poodle.html
https://tools.ietf.org/html/rfc7507
https://tools.ietf.org/html/rfc7568",9.8
32321,CVE-2008-0166,10,Critical,10.10.200.2,tcp,25,Debian OpenSSH/OpenSSL Package Random Number Generator Weakness (SSL check),The remote SSL certificate uses a weak key.,"http://www.nessus.org/u?107f9bdc
http://www.nessus.org/u?f14f4224",
51192,,6.4,Medium,10.10.200.2,tcp,25,SSL Certificate Cannot Be Trusted,The SSL certificate for this service cannot be trusted.,"https://www.itu.int/rec/T-REC-X.509/en
https://en.wikipedia.org/wiki/X.509",6.5
57582,,6.4,Medium,10.10.200.2,tcp,25,SSL Self-Signed Certificate,"The SSL certificate chain for this service ends in an unrecognized
self-signed certificate.",,6.5
104743,,6.1,Medium,10.10.200.2,tcp,25,TLS Version 1.0 Protocol Detection,The remote service encrypts traffic using an older version of TLS.,https://tools.ietf.org/html/draft-ietf-tls-oldversions-deprecate-00,6.5
15901,,5,Medium,10.10.200.2,tcp,25,SSL Certificate Expiry,The remote server's SSL certificate has already expired.,,5.3
42873,CVE-2016-2183,5,High,10.10.200.2,tcp,25,SSL Medium Strength Cipher Suites Supported (SWEET32),The remote service supports the use of medium strength SSL ciphers.,"https://www.openssl.org/blog/blog/2016/08/24/sweet32/
https://sweet32.info",7.5
45411,,5,Medium,10.10.200.2,tcp,25,SSL Certificate with Wrong Hostname,The SSL certificate for this service is for a different host.,,5.3
26928,,4.3,Medium,10.10.200.2,tcp,25,SSL Weak Cipher Suites Supported,The remote service supports the use of weak SSL ciphers.,http://www.nessus.org/u?6527892d,5.3
65821,CVE-2013-2566,4.3,Medium,10.10.200.2,tcp,25,SSL RC4 Cipher Suites Supported (Bar Mitzvah),The remote service supports the use of the RC4 cipher.,"https://www.rc4nomore.com/
http://www.nessus.org/u?ac7327a0
http://cr.yp.to/talks/2013.03.12/slides.pdf
http://www.isg.rhul.ac.uk/tls/
https://www.imperva.com/docs/HII_Attacking_SSL_when_using_RC4.pdf",5.9
65821,CVE-2015-2808,4.3,Medium,10.10.200.2,tcp,25,SSL RC4 Cipher Suites Supported (Bar Mitzvah),The remote service supports the use of the RC4 cipher.,"https://www.rc4nomore.com/
http://www.nessus.org/u?ac7327a0
http://cr.yp.to/talks/2013.03.12/slides.pdf
http://www.isg.rhul.ac.uk/tls/
https://www.imperva.com/docs/HII_Attacking_SSL_when_using_RC4.pdf",5.9
78479,CVE-2014-3566,4.3,Low,10.10.200.2,tcp,25,SSLv3 Padding Oracle On Downgraded Legacy Encryption Vulnerability (POODLE),"It is possible to obtain sensitive information from the remote host
with SSL/TLS-enabled services.","https://www.imperialviolet.org/2014/10/14/poodle.html
https://www.openssl.org/~bodo/ssl-poodle.pdf
https://tools.ietf.org/html/draft-ietf-tls-downgrade-scsv-00",3.4
81606,CVE-2015-0204,4.3,Medium,10.10.200.2,tcp,25,SSL/TLS EXPORT_RSA <= 512-bit Cipher Suites Supported (FREAK),The remote host supports a set of weak ciphers.,"https://www.smacktls.com/#freak
https://www.openssl.org/news/secadv/20150108.txt
http://www.nessus.org/u?b78da2c4",
89058,CVE-2016-0800,4.3,Medium,10.10.200.2,tcp,25,SSL DROWN Attack Vulnerability (Decrypting RSA with Obsolete and Weakened eNcryption),"The remote host may be affected by a vulnerability that allows a
remote attacker to potentially decrypt captured TLS traffic.","https://drownattack.com/
https://drownattack.com/drown-attack-paper.pdf",5.9
52611,CVE-2011-0411,4,Medium,10.10.200.2,tcp,25,SMTP Service STARTTLS Plaintext Command Injection,"The remote mail service allows plaintext command injection while 
negotiating an encrypted communications channel.","https://tools.ietf.org/html/rfc2487
https://www.securityfocus.com/archive/1/516901/30/0/threaded",
52611,CVE-2011-1430,4,Medium,10.10.200.2,tcp,25,SMTP Service STARTTLS Plaintext Command Injection,"The remote mail service allows plaintext command injection while 
negotiating an encrypted communications channel.","https://tools.ietf.org/html/rfc2487
https://www.securityfocus.com/archive/1/516901/30/0/threaded",
52611,CVE-2011-1431,4,Medium,10.10.200.2,tcp,25,SMTP Service STARTTLS Plaintext Command Injection,"The remote mail service allows plaintext command injection while 
negotiating an encrypted communications channel.","https://tools.ietf.org/html/rfc2487
https://www.securityfocus.com/archive/1/516901/30/0/threaded",
52611,CVE-2011-1432,4,Medium,10.10.200.2,tcp,25,SMTP Service STARTTLS Plaintext Command Injection,"The remote mail service allows plaintext command injection while 
negotiating an encrypted communications channel.","https://tools.ietf.org/html/rfc2487
https://www.securityfocus.com/archive/1/516901/30/0/threaded",
52611,CVE-2011-1506,4,Medium,10.10.200.2,tcp,25,SMTP Service STARTTLS Plaintext Command Injection,"The remote mail service allows plaintext command injection while 
negotiating an encrypted communications channel.","https://tools.ietf.org/html/rfc2487
https://www.securityfocus.com/archive/1/516901/30/0/threaded",
52611,CVE-2011-2165,4,Medium,10.10.200.2,tcp,25,SMTP Service STARTTLS Plaintext Command Injection,"The remote mail service allows plaintext command injection while 
negotiating an encrypted communications channel.","https://tools.ietf.org/html/rfc2487
https://www.securityfocus.com/archive/1/516901/30/0/threaded",
31705,CVE-2007-1858,2.6,Medium,10.10.200.2,tcp,25,SSL Anonymous Cipher Suites Supported,The remote service supports the use of anonymous SSL ciphers.,http://www.nessus.org/u?3a040ada,5.9
83738,CVE-2015-4000,2.6,Low,10.10.200.2,tcp,25,SSL/TLS EXPORT_DHE <= 512-bit Export Cipher Suites Supported (Logjam),The remote host supports a set of weak ciphers.,https://weakdh.org/,3.7
83875,CVE-2015-4000,2.6,Low,10.10.200.2,tcp,25,SSL/TLS Diffie-Hellman Modulus <= 1024 Bits (Logjam),"The remote host allows SSL/TLS connections with one or more
Diffie-Hellman moduli less than or equal to 1024 bits.",https://weakdh.org/,3.7
10263,,,None,10.10.200.2,tcp,25,SMTP Server Detection,An SMTP server is listening on the remote port.,,
10863,,,None,10.10.200.2,tcp,25,SSL Certificate Information,This plugin displays the SSL certificate.,,
11219,,,None,10.10.200.2,tcp,25,Nessus SYN scanner,It is possible to determine which TCP ports are open.,,
21643,,,None,10.10.200.2,tcp,25,SSL Cipher Suites Supported,The remote service encrypts communications using SSL.,"https://www.openssl.org/docs/man1.0.2/man1/ciphers.html
http://www.nessus.org/u?e17ffced",
22964,,,None,10.10.200.2,tcp,25,Service Detection,The remote service could be identified.,,
42088,,,None,10.10.200.2,tcp,25,SMTP Service STARTTLS Command Support,The remote mail service supports encrypting traffic.,"https://en.wikipedia.org/wiki/STARTTLS
https://tools.ietf.org/html/rfc2487",
45410,,,None,10.10.200.2,tcp,25,SSL Certificate 'commonName' Mismatch,"The 'commonName' (CN) attribute in the SSL certificate does not match
the hostname.",,
50845,,,None,10.10.200.2,tcp,25,OpenSSL Detection,The remote service appears to use OpenSSL to encrypt traffic.,https://www.openssl.org/,
51891,,,None,10.10.200.2,tcp,25,SSL Session Resume Supported,The remote host allows resuming SSL sessions.,,
56984,,,None,10.10.200.2,tcp,25,SSL / TLS Versions Supported,The remote service encrypts communications.,,
57041,,,None,10.10.200.2,tcp,25,SSL Perfect Forward Secrecy Cipher Suites Supported,"The remote service supports the use of SSL Perfect Forward Secrecy
ciphers, which maintain confidentiality even if the key is stolen.","https://www.openssl.org/docs/manmaster/man1/ciphers.html
https://en.wikipedia.org/wiki/Diffie-Hellman_key_exchange
https://en.wikipedia.org/wiki/Perfect_forward_secrecy",
62563,,,None,10.10.200.2,tcp,25,SSL Compression Methods Supported,"The remote service supports one or more compression methods for SSL
connections.","http://www.iana.org/assignments/comp-meth-ids/comp-meth-ids.xml
https://tools.ietf.org/html/rfc3749
https://tools.ietf.org/html/rfc3943
https://tools.ietf.org/html/rfc5246",
70544,,,None,10.10.200.2,tcp,25,SSL Cipher Block Chaining Cipher Suites Supported,"The remote service supports the use of SSL Cipher Block Chaining
ciphers, which combine previous blocks with subsequent ones.","https://www.openssl.org/docs/manmaster/man1/ciphers.html
http://www.nessus.org/u?cc4a822a
https://www.openssl.org/~bodo/tls-cbc.txt",
156899,,,None,10.10.200.2,tcp,25,SSL/TLS Recommended Cipher Suites,The remote host advertises discouraged SSL/TLS ciphers.,"https://wiki.mozilla.org/Security/Server_Side_TLS
https://ssl-config.mozilla.org/",
12217,,5,Medium,10.10.200.1,udp,53,DNS Server Cache Snooping Remote Information Disclosure,The remote DNS server is vulnerable to cache snooping attacks.,http://cs.unc.edu/~fabian/course_papers/cache_snooping.pdf,5.3
136769,CVE-2020-8616,5,High,10.10.200.2,udp,53,ISC BIND Service Downgrade / Reflected DoS,The remote name server is affected by Service Downgrade / Reflected DoS vulnerabilities.,https://kb.isc.org/docs/cve-2020-8616,8.6
136808,CVE-2020-8617,4.3,Medium,10.10.200.2,udp,53,ISC BIND Denial of Service,The remote name server is affected by an assertion failure vulnerability.,https://kb.isc.org/docs/cve-2020-8617,5.9
139915,CVE-2020-8622,4,Medium,10.10.200.2,udp,53,"ISC BIND 9.x < 9.11.22, 9.12.x < 9.16.6, 9.17.x < 9.17.4 DoS",The remote name server is affected by a denial of service vulnerability.,https://kb.isc.org/docs/cve-2020-8622,6.5
11002,,,None,10.10.200.1,tcp,53,DNS Server Detection,A DNS server is listening on the remote host.,https://en.wikipedia.org/wiki/Domain_Name_System,
11002,,,None,10.10.200.1,udp,53,DNS Server Detection,A DNS server is listening on the remote host.,https://en.wikipedia.org/wiki/Domain_Name_System,
11219,,,None,10.10.200.1,tcp,53,Nessus SYN scanner,It is possible to determine which TCP ports are open.,,
10028,,,None,10.10.200.2,udp,53,DNS Server BIND version Directive Remote Version Detection,It is possible to obtain the version number of the remote DNS server.,,
11002,,,None,10.10.200.2,tcp,53,DNS Server Detection,A DNS server is listening on the remote host.,https://en.wikipedia.org/wiki/Domain_Name_System,
11002,,,None,10.10.200.2,udp,53,DNS Server Detection,A DNS server is listening on the remote host.,https://en.wikipedia.org/wiki/Domain_Name_System,
11219,,,None,10.10.200.2,tcp,53,Nessus SYN scanner,It is possible to determine which TCP ports are open.,,
35371,,,None,10.10.200.2,udp,53,DNS Server hostname.bind Map Hostname Disclosure,The DNS server discloses the remote host name.,,
11819,,,None,10.10.200.2,udp,69,TFTP Daemon Detection,A TFTP server is listening on the remote port.,,
11213,CVE-2003-1567,5,Medium,10.10.200.2,tcp,80,HTTP TRACE / TRACK Methods Allowed,Debugging functions are enabled on the remote web server.,"http://www.nessus.org/u?e979b5cb
http://www.apacheweek.com/issues/03-01-24
https://download.oracle.com/sunalerts/1000718.1.html",5.3
11213,CVE-2004-2320,5,Medium,10.10.200.2,tcp,80,HTTP TRACE / TRACK Methods Allowed,Debugging functions are enabled on the remote web server.,"http://www.nessus.org/u?e979b5cb
http://www.apacheweek.com/issues/03-01-24
https://download.oracle.com/sunalerts/1000718.1.html",5.3
11213,CVE-2010-0386,5,Medium,10.10.200.2,tcp,80,HTTP TRACE / TRACK Methods Allowed,Debugging functions are enabled on the remote web server.,"http://www.nessus.org/u?e979b5cb
http://www.apacheweek.com/issues/03-01-24
https://download.oracle.com/sunalerts/1000718.1.html",5.3
10107,,,None,10.10.200.1,tcp,80,HTTP Server Type and Version,A web server is running on the remote host.,,
11219,,,None,10.10.200.1,tcp,80,Nessus SYN scanner,It is possible to determine which TCP ports are open.,,
19689,,,None,10.10.200.1,tcp,80,Embedded Web Server Detection,The remote web server is embedded.,,
22964,,,None,10.10.200.1,tcp,80,Service Detection,The remote service could be identified.,,
10107,,,None,10.10.200.2,tcp,80,HTTP Server Type and Version,A web server is running on the remote host.,,
11219,,,None,10.10.200.2,tcp,80,Nessus SYN scanner,It is possible to determine which TCP ports are open.,,
11424,,,None,10.10.200.2,tcp,80,WebDAV Detection,The remote server is running with WebDAV enabled.,,
22964,,,None,10.10.200.2,tcp,80,Service Detection,The remote service could be identified.,,
24260,,,None,10.10.200.2,tcp,80,HyperText Transfer Protocol (HTTP) Information,Some information about the remote HTTP configuration can be extracted.,,
39521,,,None,10.10.200.2,tcp,80,Backported Security Patch Detection (WWW),Security patches are backported.,https://access.redhat.com/security/updates/backporting/?sc_cid=3093,
48204,,,None,10.10.200.2,tcp,80,Apache HTTP Server Version,"It is possible to obtain the version number of the remote Apache HTTP
server.",https://httpd.apache.org/,
48243,,,None,10.10.200.2,tcp,80,PHP Version Detection,"It was possible to obtain the version number of the remote PHP
installation.",,
84574,,,None,10.10.200.2,tcp,80,Backported Security Patch Detection (PHP),Security patches have been backported.,https://access.redhat.com/security/updates/backporting/?sc_cid=3093,
10223,CVE-1999-0632,0,None,10.10.200.2,udp,111,RPC portmapper Service Detection,An ONC RPC portmapper is running on the remote host.,,0
11111,,,None,10.10.200.2,tcp,111,RPC Services Enumeration,An ONC RPC service is running on the remote host.,,
11111,,,None,10.10.200.2,udp,111,RPC Services Enumeration,An ONC RPC service is running on the remote host.,,
11219,,,None,10.10.200.2,tcp,111,Nessus SYN scanner,It is possible to determine which TCP ports are open.,,
53335,,,None,10.10.200.2,tcp,111,RPC portmapper (TCP),An ONC RPC portmapper is running on the remote host.,,
10736,,,None,10.10.200.3,tcp,135,DCE Services Enumeration,A DCE/RPC service is running on the remote host.,,
11219,,,None,10.10.200.3,tcp,135,Nessus SYN scanner,It is possible to determine which TCP ports are open.,,
10150,,,None,10.10.200.2,udp,137,Windows NetBIOS / SMB Remote Host Information Disclosure,It was possible to obtain the network name of the remote host.,,
11011,,,None,10.10.200.2,tcp,139,Microsoft Windows SMB Service Detection,A file / print sharing service is listening on the remote host.,,
11219,,,None,10.10.200.2,tcp,139,Nessus SYN scanner,It is possible to determine which TCP ports are open.,,
11011,,,None,10.10.200.3,tcp,139,Microsoft Windows SMB Service Detection,A file / print sharing service is listening on the remote host.,,
11219,,,None,10.10.200.3,tcp,139,Nessus SYN scanner,It is possible to determine which TCP ports are open.,,
11153,,,None,10.10.200.1,tcp,257,Service Detection (HELP Request),The remote service could be identified.,,
11219,,,None,10.10.200.1,tcp,257,Nessus SYN scanner,It is possible to determine which TCP ports are open.,,
11219,,,None,10.10.200.1,tcp,264,Nessus SYN scanner,It is possible to determine which TCP ports are open.,,
17975,,,None,10.10.200.1,tcp,264,Service Detection (GET request),The remote service could be identified.,,
51192,,6.4,Medium,10.10.200.1,tcp,443,SSL Certificate Cannot Be Trusted,The SSL certificate for this service cannot be trusted.,"https://www.itu.int/rec/T-REC-X.509/en
https://en.wikipedia.org/wiki/X.509",6.5
57582,,6.4,Medium,10.10.200.1,tcp,443,SSL Self-Signed Certificate,"The SSL certificate chain for this service ends in an unrecognized
self-signed certificate.",,6.5
42873,CVE-2016-2183,5,High,10.10.200.1,tcp,443,SSL Medium Strength Cipher Suites Supported (SWEET32),The remote service supports the use of medium strength SSL ciphers.,"https://www.openssl.org/blog/blog/2016/08/24/sweet32/
https://sweet32.info",7.5
10863,,,None,10.10.200.1,tcp,443,SSL Certificate Information,This plugin displays the SSL certificate.,,
11219,,,None,10.10.200.1,tcp,443,Nessus SYN scanner,It is possible to determine which TCP ports are open.,,
21643,,,None,10.10.200.1,tcp,443,SSL Cipher Suites Supported,The remote service encrypts communications using SSL.,"https://www.openssl.org/docs/man1.0.2/man1/ciphers.html
http://www.nessus.org/u?e17ffced",
22964,,,None,10.10.200.1,tcp,443,Service Detection,The remote service could be identified.,,
51891,,,None,10.10.200.1,tcp,443,SSL Session Resume Supported,The remote host allows resuming SSL sessions.,,
56984,,,None,10.10.200.1,tcp,443,SSL / TLS Versions Supported,The remote service encrypts communications.,,
57041,,,None,10.10.200.1,tcp,443,SSL Perfect Forward Secrecy Cipher Suites Supported,"The remote service supports the use of SSL Perfect Forward Secrecy
ciphers, which maintain confidentiality even if the key is stolen.","https://www.openssl.org/docs/manmaster/man1/ciphers.html
https://en.wikipedia.org/wiki/Diffie-Hellman_key_exchange
https://en.wikipedia.org/wiki/Perfect_forward_secrecy",
70544,,,None,10.10.200.1,tcp,443,SSL Cipher Block Chaining Cipher Suites Supported,"The remote service supports the use of SSL Cipher Block Chaining
ciphers, which combine previous blocks with subsequent ones.","https://www.openssl.org/docs/manmaster/man1/ciphers.html
http://www.nessus.org/u?cc4a822a
https://www.openssl.org/~bodo/tls-cbc.txt",
94761,,,None,10.10.200.1,tcp,443,SSL Root Certification Authority Certificate Information,"A root Certification Authority certificate was found at the top of the
certificate chain.",https://docs.microsoft.com/en-us/previous-versions/windows/it-pro/windows-server-2003/cc778623(v=ws.10),
136318,,,None,10.10.200.1,tcp,443,TLS Version 1.2 Protocol Detection,The remote service encrypts traffic using a version of TLS.,https://tools.ietf.org/html/rfc5246,
156899,,,None,10.10.200.1,tcp,443,SSL/TLS Recommended Cipher Suites,The remote host advertises discouraged SSL/TLS ciphers.,"https://wiki.mozilla.org/Security/Server_Side_TLS
https://ssl-config.mozilla.org/",
90509,CVE-2016-2118,6.8,High,10.10.200.2,tcp,445,Samba Badlock Vulnerability,"An SMB server running on the remote host is affected by the Badlock
vulnerability.","http://badlock.org
https://www.samba.org/samba/security/CVE-2016-2118.html",7.5
57608,,5,Medium,10.10.200.2,tcp,445,SMB Signing not required,Signing is not required on the remote SMB server.,"http://www.nessus.org/u?df39b8b3
http://technet.microsoft.com/en-us/library/cc731957.aspx
http://www.nessus.org/u?74b80723
https://www.samba.org/samba/docs/current/man-html/smb.conf.5.html
http://www.nessus.org/u?a3cac4ea",5.3
57608,,5,Medium,10.10.200.3,tcp,445,SMB Signing not required,Signing is not required on the remote SMB server.,"http://www.nessus.org/u?df39b8b3
http://technet.microsoft.com/en-us/library/cc731957.aspx
http://www.nessus.org/u?74b80723
https://www.samba.org/samba/docs/current/man-html/smb.conf.5.html
http://www.nessus.org/u?a3cac4ea",5.3
10397,,,None,10.10.200.2,tcp,445,Microsoft Windows SMB LanMan Pipe Server Listing Disclosure,It is possible to obtain network information.,,
10785,,,None,10.10.200.2,tcp,445,Microsoft Windows SMB NativeLanManager Remote System Information Disclosure,"It was possible to obtain information about the remote operating
system.",,
11011,,,None,10.10.200.2,tcp,445,Microsoft Windows SMB Service Detection,A file / print sharing service is listening on the remote host.,,
11219,,,None,10.10.200.2,tcp,445,Nessus SYN scanner,It is possible to determine which TCP ports are open.,,
25240,,,None,10.10.200.2,tcp,445,Samba Server Detection,An SMB server is running on the remote host.,https://www.samba.org/,
96982,,,None,10.10.200.2,tcp,445,Server Message Block (SMB) Protocol Version 1 Enabled (uncredentialed check),The remote Windows host supports the SMBv1 protocol.,"https://blogs.technet.microsoft.com/filecab/2016/09/16/stop-using-smb1/
https://support.microsoft.com/en-us/help/2696547/how-to-detect-enable-and-disable-smbv1-smbv2-and-smbv3-in-windows-and
http://www.nessus.org/u?8dcab5e4
http://www.nessus.org/u?234f8ef8
http://www.nessus.org/u?4c7e0cf3",
100871,,,None,10.10.200.2,tcp,445,Microsoft Windows SMB Versions Supported (remote check),"It was possible to obtain information about the version of SMB running
on the remote host.",,
104887,,,None,10.10.200.2,tcp,445,Samba Version,"It was possible to obtain the samba version from the remote 
operating system.",,
106716,,,None,10.10.200.2,tcp,445,Microsoft Windows SMB2 and SMB3 Dialects Supported (remote check),"It was possible to obtain information about the dialects of SMB2 and SMB3 available
on the remote host.",,
135860,,,None,10.10.200.2,tcp,445,WMI Not Available,WMI queries could not be made against the remote host.,https://docs.microsoft.com/en-us/windows/win32/wmisdk/wmi-start-page,
10150,,,None,10.10.200.3,tcp,445,Windows NetBIOS / SMB Remote Host Information Disclosure,It was possible to obtain the network name of the remote host.,,
10736,,,None,10.10.200.3,tcp,445,DCE Services Enumeration,A DCE/RPC service is running on the remote host.,,
10785,,,None,10.10.200.3,tcp,445,Microsoft Windows SMB NativeLanManager Remote System Information Disclosure,"It was possible to obtain information about the remote operating
system.",,
11011,,,None,10.10.200.3,tcp,445,Microsoft Windows SMB Service Detection,A file / print sharing service is listening on the remote host.,,
11219,,,None,10.10.200.3,tcp,445,Nessus SYN scanner,It is possible to determine which TCP ports are open.,,
42410,,,None,10.10.200.3,tcp,445,Microsoft Windows NTLMSSP Authentication Request Remote Network Name Disclosure,It is possible to obtain the network name of the remote host.,,
96982,,,None,10.10.200.3,tcp,445,Server Message Block (SMB) Protocol Version 1 Enabled (uncredentialed check),The remote Windows host supports the SMBv1 protocol.,"https://blogs.technet.microsoft.com/filecab/2016/09/16/stop-using-smb1/
https://support.microsoft.com/en-us/help/2696547/how-to-detect-enable-and-disable-smbv1-smbv2-and-smbv3-in-windows-and
http://www.nessus.org/u?8dcab5e4
http://www.nessus.org/u?234f8ef8
http://www.nessus.org/u?4c7e0cf3",
100871,,,None,10.10.200.3,tcp,445,Microsoft Windows SMB Versions Supported (remote check),"It was possible to obtain information about the version of SMB running
on the remote host.",,
106716,,,None,10.10.200.3,tcp,445,Microsoft Windows SMB2 and SMB3 Dialects Supported (remote check),"It was possible to obtain information about the dialects of SMB2 and SMB3 available
on the remote host.",,
135860,,,None,10.10.200.3,tcp,445,WMI Not Available,WMI queries could not be made against the remote host.,https://docs.microsoft.com/en-us/windows/win32/wmisdk/wmi-start-page,
11154,,,None,10.10.200.2,tcp,512,Unknown Service Detection: Banner Retrieval,There is an unknown service running on the remote host.,,
11219,,,None,10.10.200.2,tcp,512,Nessus SYN scanner,It is possible to determine which TCP ports are open.,,
10205,CVE-1999-0651,7.5,High,10.10.200.2,tcp,513,rlogin Service Detection,The rlogin service is running on the remote host.,,
11219,,,None,10.10.200.2,tcp,513,Nessus SYN scanner,It is possible to determine which TCP ports are open.,,
10245,CVE-1999-0651,7.5,High,10.10.200.2,tcp,514,rsh Service Detection,The rsh service is running on the remote host.,,
11219,,,None,10.10.200.2,tcp,514,Nessus SYN scanner,It is possible to determine which TCP ports are open.,,
11219,,,None,10.10.200.2,tcp,1099,Nessus SYN scanner,It is possible to determine which TCP ports are open.,,
22227,,,None,10.10.200.2,tcp,1099,RMI Registry Detection,An RMI registry is listening on the remote host.,"https://docs.oracle.com/javase/1.5.0/docs/guide/rmi/spec/rmiTOC.html
http://www.nessus.org/u?b6fd7659",
22227,,,None,10.10.200.2,tcp,1099,RMI Registry Detection,An RMI registry is listening on the remote host.,"https://docs.oracle.com/javase/1.5.0/docs/guide/rmi/spec/rmiTOC.html
http://www.nessus.org/u?b6fd7659",
51988,,10,Critical,10.10.200.2,tcp,1524,Bind Shell Backdoor Detection,The remote host may have been compromised.,,9.8
11219,,,None,10.10.200.2,tcp,1524,Nessus SYN scanner,It is possible to determine which TCP ports are open.,,
22964,,,None,10.10.200.2,tcp,1524,Service Detection,The remote service could be identified.,,
11219,,,None,10.10.200.1,tcp,1720,Nessus SYN scanner,It is possible to determine which TCP ports are open.,,
11219,,,None,10.10.200.2,tcp,1720,Nessus SYN scanner,It is possible to determine which TCP ports are open.,,
11219,,,None,10.10.200.3,tcp,1720,Nessus SYN scanner,It is possible to determine which TCP ports are open.,,
11356,CVE-1999-0170,10,Critical,10.10.200.2,udp,2049,NFS Exported Share Information Disclosure,It is possible to access NFS shares on the remote host.,,
11356,CVE-1999-0211,10,Critical,10.10.200.2,udp,2049,NFS Exported Share Information Disclosure,It is possible to access NFS shares on the remote host.,,
11356,CVE-1999-0554,10,Critical,10.10.200.2,udp,2049,NFS Exported Share Information Disclosure,It is possible to access NFS shares on the remote host.,,
42256,,5,High,10.10.200.2,tcp,2049,NFS Shares World Readable,The remote NFS server exports world-readable shares.,http://www.tldp.org/HOWTO/NFS-HOWTO/security.html,7.5
10437,,,None,10.10.200.2,tcp,2049,NFS Share Export List,The remote NFS server exports a list of shares.,http://www.tldp.org/HOWTO/NFS-HOWTO/security.html,
11111,,,None,10.10.200.2,tcp,2049,RPC Services Enumeration,An ONC RPC service is running on the remote host.,,
11111,,,None,10.10.200.2,udp,2049,RPC Services Enumeration,An ONC RPC service is running on the remote host.,,
11219,,,None,10.10.200.2,tcp,2049,Nessus SYN scanner,It is possible to determine which TCP ports are open.,,
11219,,,None,10.10.200.2,tcp,2121,Nessus SYN scanner,It is possible to determine which TCP ports are open.,,
10719,,,None,10.10.200.2,tcp,3306,MySQL Server Detection,A database server is listening on the remote port.,,
11153,,,None,10.10.200.2,tcp,3306,Service Detection (HELP Request),The remote service could be identified.,,
11219,,,None,10.10.200.2,tcp,3306,Nessus SYN scanner,It is possible to determine which TCP ports are open.,,
51192,,6.4,Medium,10.10.200.3,tcp,3389,SSL Certificate Cannot Be Trusted,The SSL certificate for this service cannot be trusted.,"https://www.itu.int/rec/T-REC-X.509/en
https://en.wikipedia.org/wiki/X.509",6.5
57582,,6.4,Medium,10.10.200.3,tcp,3389,SSL Self-Signed Certificate,"The SSL certificate chain for this service ends in an unrecognized
self-signed certificate.",,6.5
104743,,6.1,Medium,10.10.200.3,tcp,3389,TLS Version 1.0 Protocol Detection,The remote service encrypts traffic using an older version of TLS.,https://tools.ietf.org/html/draft-ietf-tls-oldversions-deprecate-00,6.5
157288,,6.1,Medium,10.10.200.3,tcp,3389,TLS Version 1.1 Protocol Deprecated,The remote service encrypts traffic using an older version of TLS.,"https://datatracker.ietf.org/doc/html/rfc8996
http://www.nessus.org/u?c8ae820d",6.5
42873,CVE-2016-2183,5,High,10.10.200.3,tcp,3389,SSL Medium Strength Cipher Suites Supported (SWEET32),The remote service supports the use of medium strength SSL ciphers.,"https://www.openssl.org/blog/blog/2016/08/24/sweet32/
https://sweet32.info",7.5
58453,,4.3,Medium,10.10.200.3,tcp,3389,Terminal Services Doesn't Use Network Level Authentication (NLA) Only,The remote Terminal Services doesn't use Network Level Authentication only.,"https://docs.microsoft.com/en-us/previous-versions/windows/it-pro/windows-server-2008-R2-and-2008/cc732713(v=ws.11)
http://www.nessus.org/u?e2628096",4
65821,CVE-2013-2566,4.3,Medium,10.10.200.3,tcp,3389,SSL RC4 Cipher Suites Supported (Bar Mitzvah),The remote service supports the use of the RC4 cipher.,"https://www.rc4nomore.com/
http://www.nessus.org/u?ac7327a0
http://cr.yp.to/talks/2013.03.12/slides.pdf
http://www.isg.rhul.ac.uk/tls/
https://www.imperva.com/docs/HII_Attacking_SSL_when_using_RC4.pdf",5.9
65821,CVE-2015-2808,4.3,Medium,10.10.200.3,tcp,3389,SSL RC4 Cipher Suites Supported (Bar Mitzvah),The remote service supports the use of the RC4 cipher.,"https://www.rc4nomore.com/
http://www.nessus.org/u?ac7327a0
http://cr.yp.to/talks/2013.03.12/slides.pdf
http://www.isg.rhul.ac.uk/tls/
https://www.imperva.com/docs/HII_Attacking_SSL_when_using_RC4.pdf",5.9
10863,,,None,10.10.200.3,tcp,3389,SSL Certificate Information,This plugin displays the SSL certificate.,,
10940,,,None,10.10.200.3,tcp,3389,Remote Desktop Protocol Service Detection,The remote host has an remote desktop protocol service enabled.,,
11219,,,None,10.10.200.3,tcp,3389,Nessus SYN scanner,It is possible to determine which TCP ports are open.,,
21643,,,None,10.10.200.3,tcp,3389,SSL Cipher Suites Supported,The remote service encrypts communications using SSL.,"https://www.openssl.org/docs/man1.0.2/man1/ciphers.html
http://www.nessus.org/u?e17ffced",
51891,,,None,10.10.200.3,tcp,3389,SSL Session Resume Supported,The remote host allows resuming SSL sessions.,,
56984,,,None,10.10.200.3,tcp,3389,SSL / TLS Versions Supported,The remote service encrypts communications.,,
57041,,,None,10.10.200.3,tcp,3389,SSL Perfect Forward Secrecy Cipher Suites Supported,"The remote service supports the use of SSL Perfect Forward Secrecy
ciphers, which maintain confidentiality even if the key is stolen.","https://www.openssl.org/docs/manmaster/man1/ciphers.html
https://en.wikipedia.org/wiki/Diffie-Hellman_key_exchange
https://en.wikipedia.org/wiki/Perfect_forward_secrecy",
64814,,,None,10.10.200.3,tcp,3389,Terminal Services Use SSL/TLS,The remote Terminal Services use SSL/TLS.,,
70544,,,None,10.10.200.3,tcp,3389,SSL Cipher Block Chaining Cipher Suites Supported,"The remote service supports the use of SSL Cipher Block Chaining
ciphers, which combine previous blocks with subsequent ones.","https://www.openssl.org/docs/manmaster/man1/ciphers.html
http://www.nessus.org/u?cc4a822a
https://www.openssl.org/~bodo/tls-cbc.txt",
121010,,,None,10.10.200.3,tcp,3389,TLS Version 1.1 Protocol Detection,The remote service encrypts traffic using an older version of TLS.,"https://tools.ietf.org/html/draft-ietf-tls-oldversions-deprecate-00
http://www.nessus.org/u?c8ae820d",
136318,,,None,10.10.200.3,tcp,3389,TLS Version 1.2 Protocol Detection,The remote service encrypts traffic using a version of TLS.,https://tools.ietf.org/html/rfc5246,
156899,,,None,10.10.200.3,tcp,3389,SSL/TLS Recommended Cipher Suites,The remote host advertises discouraged SSL/TLS ciphers.,"https://wiki.mozilla.org/Security/Server_Side_TLS
https://ssl-config.mozilla.org/",
11219,,,None,10.10.200.2,tcp,3632,Nessus SYN scanner,It is possible to determine which TCP ports are open.,,
11219,,,None,10.10.200.1,tcp,5060,Nessus SYN scanner,It is possible to determine which TCP ports are open.,,
11219,,,None,10.10.200.2,tcp,5060,Nessus SYN scanner,It is possible to determine which TCP ports are open.,,
11219,,,None,10.10.200.3,tcp,5060,Nessus SYN scanner,It is possible to determine which TCP ports are open.,,
11219,,,None,10.10.200.1,tcp,5061,Nessus SYN scanner,It is possible to determine which TCP ports are open.,,
11219,,,None,10.10.200.2,tcp,5061,Nessus SYN scanner,It is possible to determine which TCP ports are open.,,
11219,,,None,10.10.200.3,tcp,5061,Nessus SYN scanner,It is possible to determine which TCP ports are open.,,
20007,,10,Critical,10.10.200.2,tcp,5432,SSL Version 2 and 3 Protocol Detection,"The remote service encrypts traffic using a protocol with known
weaknesses.","https://www.schneier.com/academic/paperfiles/paper-ssl.pdf
http://www.nessus.org/u?b06c7e95
http://www.nessus.org/u?247c4540
https://www.openssl.org/~bodo/ssl-poodle.pdf
http://www.nessus.org/u?5d15ba70
https://www.imperialviolet.org/2014/10/14/poodle.html
https://tools.ietf.org/html/rfc7507
https://tools.ietf.org/html/rfc7568",9.8
32321,CVE-2008-0166,10,Critical,10.10.200.2,tcp,5432,Debian OpenSSH/OpenSSL Package Random Number Generator Weakness (SSL check),The remote SSL certificate uses a weak key.,"http://www.nessus.org/u?107f9bdc
http://www.nessus.org/u?f14f4224",
51192,,6.4,Medium,10.10.200.2,tcp,5432,SSL Certificate Cannot Be Trusted,The SSL certificate for this service cannot be trusted.,"https://www.itu.int/rec/T-REC-X.509/en
https://en.wikipedia.org/wiki/X.509",6.5
57582,,6.4,Medium,10.10.200.2,tcp,5432,SSL Self-Signed Certificate,"The SSL certificate chain for this service ends in an unrecognized
self-signed certificate.",,6.5
104743,,6.1,Medium,10.10.200.2,tcp,5432,TLS Version 1.0 Protocol Detection,The remote service encrypts traffic using an older version of TLS.,https://tools.ietf.org/html/draft-ietf-tls-oldversions-deprecate-00,6.5
15901,,5,Medium,10.10.200.2,tcp,5432,SSL Certificate Expiry,The remote server's SSL certificate has already expired.,,5.3
42873,CVE-2016-2183,5,High,10.10.200.2,tcp,5432,SSL Medium Strength Cipher Suites Supported (SWEET32),The remote service supports the use of medium strength SSL ciphers.,"https://www.openssl.org/blog/blog/2016/08/24/sweet32/
https://sweet32.info",7.5
45411,,5,Medium,10.10.200.2,tcp,5432,SSL Certificate with Wrong Hostname,The SSL certificate for this service is for a different host.,,5.3
65821,CVE-2013-2566,4.3,Medium,10.10.200.2,tcp,5432,SSL RC4 Cipher Suites Supported (Bar Mitzvah),The remote service supports the use of the RC4 cipher.,"https://www.rc4nomore.com/
http://www.nessus.org/u?ac7327a0
http://cr.yp.to/talks/2013.03.12/slides.pdf
http://www.isg.rhul.ac.uk/tls/
https://www.imperva.com/docs/HII_Attacking_SSL_when_using_RC4.pdf",5.9
65821,CVE-2015-2808,4.3,Medium,10.10.200.2,tcp,5432,SSL RC4 Cipher Suites Supported (Bar Mitzvah),The remote service supports the use of the RC4 cipher.,"https://www.rc4nomore.com/
http://www.nessus.org/u?ac7327a0
http://cr.yp.to/talks/2013.03.12/slides.pdf
http://www.isg.rhul.ac.uk/tls/
https://www.imperva.com/docs/HII_Attacking_SSL_when_using_RC4.pdf",5.9
78479,CVE-2014-3566,4.3,Low,10.10.200.2,tcp,5432,SSLv3 Padding Oracle On Downgraded Legacy Encryption Vulnerability (POODLE),"It is possible to obtain sensitive information from the remote host
with SSL/TLS-enabled services.","https://www.imperialviolet.org/2014/10/14/poodle.html
https://www.openssl.org/~bodo/ssl-poodle.pdf
https://tools.ietf.org/html/draft-ietf-tls-downgrade-scsv-00",3.4
10863,,,None,10.10.200.2,tcp,5432,SSL Certificate Information,This plugin displays the SSL certificate.,,
11219,,,None,10.10.200.2,tcp,5432,Nessus SYN scanner,It is possible to determine which TCP ports are open.,,
21643,,,None,10.10.200.2,tcp,5432,SSL Cipher Suites Supported,The remote service encrypts communications using SSL.,"https://www.openssl.org/docs/man1.0.2/man1/ciphers.html
http://www.nessus.org/u?e17ffced",
26024,,,None,10.10.200.2,tcp,5432,PostgreSQL Server Detection,A database service is listening on the remote host.,https://www.postgresql.org/,
45410,,,None,10.10.200.2,tcp,5432,SSL Certificate 'commonName' Mismatch,"The 'commonName' (CN) attribute in the SSL certificate does not match
the hostname.",,
50845,,,None,10.10.200.2,tcp,5432,OpenSSL Detection,The remote service appears to use OpenSSL to encrypt traffic.,https://www.openssl.org/,
56984,,,None,10.10.200.2,tcp,5432,SSL / TLS Versions Supported,The remote service encrypts communications.,,
57041,,,None,10.10.200.2,tcp,5432,SSL Perfect Forward Secrecy Cipher Suites Supported,"The remote service supports the use of SSL Perfect Forward Secrecy
ciphers, which maintain confidentiality even if the key is stolen.","https://www.openssl.org/docs/manmaster/man1/ciphers.html
https://en.wikipedia.org/wiki/Diffie-Hellman_key_exchange
https://en.wikipedia.org/wiki/Perfect_forward_secrecy",
62563,,,None,10.10.200.2,tcp,5432,SSL Compression Methods Supported,"The remote service supports one or more compression methods for SSL
connections.","http://www.iana.org/assignments/comp-meth-ids/comp-meth-ids.xml
https://tools.ietf.org/html/rfc3749
https://tools.ietf.org/html/rfc3943
https://tools.ietf.org/html/rfc5246",
70544,,,None,10.10.200.2,tcp,5432,SSL Cipher Block Chaining Cipher Suites Supported,"The remote service supports the use of SSL Cipher Block Chaining
ciphers, which combine previous blocks with subsequent ones.","https://www.openssl.org/docs/manmaster/man1/ciphers.html
http://www.nessus.org/u?cc4a822a
https://www.openssl.org/~bodo/tls-cbc.txt",
118224,,,None,10.10.200.2,tcp,5432,PostgreSQL STARTTLS Support,The remote service supports encrypting traffic.,"https://www.postgresql.org/docs/9.2/protocol-flow.html#AEN96066
https://www.postgresql.org/docs/9.2/protocol-message-formats.html",
156899,,,None,10.10.200.2,tcp,5432,SSL/TLS Recommended Cipher Suites,The remote host advertises discouraged SSL/TLS ciphers.,"https://wiki.mozilla.org/Security/Server_Side_TLS
https://ssl-config.mozilla.org/",
61708,,10,Critical,10.10.200.2,tcp,5900,VNC Server 'password' Password,"A VNC server running on the remote host is secured with a weak
password.",,
10342,,,None,10.10.200.2,tcp,5900,VNC Software Detection,The remote host is running a remote display software (VNC).,https://en.wikipedia.org/wiki/Vnc,
11219,,,None,10.10.200.2,tcp,5900,Nessus SYN scanner,It is possible to determine which TCP ports are open.,,
19288,,,None,10.10.200.2,tcp,5900,VNC Server Security Type Detection,A VNC server is running on the remote host.,,
22964,,,None,10.10.200.2,tcp,5900,Service Detection,The remote service could be identified.,,
65792,,,None,10.10.200.2,tcp,5900,VNC Server Unencrypted Communication Detection,"A VNC server with one or more unencrypted 'security-types' is running
on the remote host.",,
10107,,,None,10.10.200.3,tcp,5985,HTTP Server Type and Version,A web server is running on the remote host.,,
11219,,,None,10.10.200.3,tcp,5985,Nessus SYN scanner,It is possible to determine which TCP ports are open.,,
22964,,,None,10.10.200.3,tcp,5985,Service Detection,The remote service could be identified.,,
24260,,,None,10.10.200.3,tcp,5985,HyperText Transfer Protocol (HTTP) Information,Some information about the remote HTTP configuration can be extracted.,,
33139,,,None,10.10.200.3,tcp,5985,WS-Management Server Detection,The remote web server is used for remote management.,"https://www.dmtf.org/standards/ws-man
https://en.wikipedia.org/wiki/WS-Management",
10407,,2.6,Low,10.10.200.2,tcp,6000,X Server Detection,An X11 server is listening on the remote host,,
11219,,,None,10.10.200.2,tcp,6000,Nessus SYN scanner,It is possible to determine which TCP ports are open.,,
46882,CVE-2010-2075,10,Critical,10.10.200.2,tcp,6667,UnrealIRCd Backdoor Detection,The remote IRC server contains a backdoor.,"https://seclists.org/fulldisclosure/2010/Jun/277
https://seclists.org/fulldisclosure/2010/Jun/284
http://www.unrealircd.com/txt/unrealsecadvisory.20100612.txt",
11156,,,None,10.10.200.2,tcp,6667,IRC Daemon Version Detection,The remote host is an IRC server.,,
11219,,,None,10.10.200.2,tcp,6667,Nessus SYN scanner,It is possible to determine which TCP ports are open.,,
17975,,,None,10.10.200.2,tcp,6667,Service Detection (GET request),The remote service could be identified.,,
11219,,,None,10.10.200.2,tcp,8009,Nessus SYN scanner,It is possible to determine which TCP ports are open.,,
11219,,,None,10.10.200.2,tcp,8180,Nessus SYN scanner,It is possible to determine which TCP ports are open.,,
11154,,,None,10.10.200.2,tcp,8787,Unknown Service Detection: Banner Retrieval,There is an unknown service running on the remote host.,,
11219,,,None,10.10.200.2,tcp,8787,Nessus SYN scanner,It is possible to determine which TCP ports are open.,,
11219,,,None,10.10.200.1,tcp,18264,Nessus SYN scanner,It is possible to determine which TCP ports are open.,,
11111,,,None,10.10.200.2,udp,34801,RPC Services Enumeration,An ONC RPC service is running on the remote host.,,
11111,,,None,10.10.200.2,tcp,44814,RPC Services Enumeration,An ONC RPC service is running on the remote host.,,
11111,,,None,10.10.200.2,udp,47656,RPC Services Enumeration,An ONC RPC service is running on the remote host.,,
10736,,,None,10.10.200.3,tcp,49664,DCE Services Enumeration,A DCE/RPC service is running on the remote host.,,
10736,,,None,10.10.200.3,tcp,49665,DCE Services Enumeration,A DCE/RPC service is running on the remote host.,,
10736,,,None,10.10.200.3,tcp,49666,DCE Services Enumeration,A DCE/RPC service is running on the remote host.,,
10736,,,None,10.10.200.3,tcp,49667,DCE Services Enumeration,A DCE/RPC service is running on the remote host.,,
10736,,,None,10.10.200.3,tcp,49668,DCE Services Enumeration,A DCE/RPC service is running on the remote host.,,
10736,,,None,10.10.200.3,tcp,49669,DCE Services Enumeration,A DCE/RPC service is running on the remote host.,,
11111,,,None,10.10.200.2,udp,53367,RPC Services Enumeration,An ONC RPC service is running on the remote host.,,
11111,,,None,10.10.200.2,tcp,56704,RPC Services Enumeration,An ONC RPC service is running on the remote host.,,
11111,,,None,10.10.200.2,tcp,60559,RPC Services Enumeration,An ONC RPC service is running on the remote host.,,
